amount,hour,num_tx_past_day,is_fraud
774.18,19,10,0
439.44,17,5,0
858.74,13,4,0
697.67,21,6,0
95.08,3,11,0
975.65,22,4,0
761.38,20,18,1
786.28,12,9,0
128.99,17,17,0
450.94,12,13,0
371.43,6,6,0
926.84,19,4,0
644.22,5,14,0
822.94,7,6,1
443.97,12,4,0
228.01,20,18,0
555.03,9,9,0
64.75,11,0,0
827.8,0,9,0
632.03,2,9,0
758.33,1,17,1
355.17,1,14,0
970.73,20,3,1
893.23,20,3,0
778.61,19,12,0
195.44,1,0,0
467.25,1,6,1
44.76,6,2,0
155.14,13,0,0
683.37,8,18,0
745.02,11,1,0
967.54,4,0,0
326.5,17,18,0
371.09,7,3,1
470.09,1,16,0
190.28,17,0,0
130.79,21,3,0
476.23,0,2,0
227.68,10,14,0
670.14,19,12,0
437.71,16,9,0
832.85,20,4,0
700.56,9,1,0
313.05,8,11,0
832.43,17,4,0
804.96,3,11,0
388.09,5,13,0
289.04,14,16,0
682.81,16,9,1
140.61,2,0,0
200.71,12,5,0
8.35,8,17,0
787.14,12,10,0
665.19,23,12,0
705.46,1,9,0
780.95,23,3,0
459.46,10,17,1
569.17,18,15,0
140.66,10,19,0
115.42,7,17,0
668.73,18,5,1
471.63,16,5,0
565.67,3,4,0
765.23,16,18,0
635.08,18,11,0
554.03,9,9,1
559.65,22,19,0
304.65,15,12,0
31.79,8,18,0
437.28,0,19,0
215.37,16,1,1
409.12,5,7,0
853.55,18,14,0
234.71,12,16,1
59.24,11,2,1
282.1,3,6,0
294.3,17,10,0
662.25,3,15,0
557.48,10,2,0
784.11,20,12,0
664.65,22,5,0
406.98,23,4,1
814.21,22,10,1
167.81,13,8,0
23.69,4,12,1
90.96,20,6,0
722.64,19,16,0
462.42,23,1,0
162.11,15,17,0
501.54,3,0,0
153.16,12,14,0
696.62,10,6,0
446.71,20,7,0
381.64,9,0,0
302.21,7,14,0
630.65,1,3,0
362.45,20,13,0
88.56,18,14,0
118.89,0,16,1
961.94,10,14,0
908.67,11,6,0
700.01,11,14,0
266.6,22,16,0
969.21,3,6,0
778.97,7,2,0
717.17,4,17,0
449.91,5,2,0
272.97,21,11,0
97.29,22,4,1
902.7,1,2,0
456.32,15,15,0
203.16,5,2,0
306.65,4,13,0
579.64,7,13,1
177.6,4,1,1
856.76,11,3,0
758.76,23,15,0
719.74,14,10,0
432.66,17,2,0
627.68,11,19,1
584.51,0,5,0
650.2,2,0,0
85.36,6,18,0
416.39,5,0,0
42.57,20,11,0
494.5,20,19,0
330.53,20,11,0
145.38,15,11,0
104.3,13,7,0
588.06,15,2,1
171.42,9,11,1
925.19,16,17,0
581.48,19,1,0
347.52,18,17,0
591.32,14,8,1
23.78,1,10,0
958.6,17,3,0
482.82,8,12,0
782.95,17,3,0
83.65,12,5,0
487.17,21,14,0
491.22,8,1,0
937.89,22,8,0
572.16,20,11,0
474.02,7,2,0
267.71,11,5,0
332.24,12,6,0
521.15,18,13,0
439.47,16,19,0
22.59,20,16,1
826.47,8,3,0
896.26,12,0,1
141.11,10,1,0
554.48,21,11,0
109.47,7,3,0
672.57,14,4,0
281.95,2,16,0
659.76,20,17,0
727.27,9,16,0
768.88,8,5,0
108.63,13,12,0
916.1,11,12,0
230.98,20,3,0
38.38,12,11,0
555.3,12,10,0
371.55,2,7,1
829.96,0,15,0
808.44,9,13,0
317.82,23,10,0
952.95,22,14,0
291.63,15,15,0
515.54,15,11,0
256.71,9,5,0
936.11,4,15,0
165.44,0,14,0
45.87,8,19,0
435.66,7,2,0
992.38,4,8,0
891.79,6,18,0
748.86,0,10,0
890.9,14,18,0
893.55,22,0,0
519.34,16,0,0
316.61,10,15,0
772.24,10,7,0
662.0,7,10,0
374.28,3,8,0
95.37,14,8,1
747.04,13,18,0
263.2,0,1,0
936.88,9,15,0
241.73,6,17,0
123.64,4,13,1
831.28,16,7,1
154.13,12,3,1
180.09,15,13,0
599.78,17,9,0
874.69,23,2,0
197.24,19,7,0
311.01,14,19,0
777.63,21,5,0
971.85,11,3,0
501.24,23,13,0
144.75,18,3,0
14.92,15,18,0
230.43,21,17,0
132.69,12,19,0
677.98,17,18,0
122.71,6,4,0
506.82,23,4,0
694.57,14,6,0
581.54,18,9,0
200.58,11,17,0
804.32,20,14,0
715.69,1,12,0
739.25,2,17,0
131.93,12,12,0
124.63,17,7,0
927.63,19,8,0
398.18,10,10,0
301.65,15,1,0
489.1,13,14,0
663.2,23,13,1
955.67,15,14,0
287.16,10,10,0
924.88,23,15,1
25.83,2,18,0
555.64,23,11,0
634.34,3,8,1
106.79,6,2,0
141.2,19,15,0
419.7,17,18,0
966.27,23,13,0
596.45,17,17,0
933.09,15,17,0
804.56,8,15,0
467.91,0,10,0
784.98,2,1,0
18.82,7,0,0
110.03,0,4,0
829.6,12,8,1
797.02,18,14,0
233.41,23,9,0
531.24,11,0,0
606.41,21,4,0
867.87,23,19,0
603.5,20,19,0
413.16,11,7,0
374.81,7,16,1
426.46,23,14,1
652.28,5,18,0
867.62,9,17,0
454.44,1,12,0
248.59,19,7,0
237.43,15,12,0
746.27,2,6,1
816.75,5,6,0
106.17,13,12,0
67.49,12,11,0
594.84,19,11,1
147.03,6,7,0
824.84,22,8,0
311.02,10,0,0
144.73,19,12,1
921.05,5,11,0
166.37,0,18,0
285.44,1,10,0
154.46,8,9,1
116.37,22,1,0
22.13,1,3,0
56.34,8,6,1
175.47,2,7,0
54.33,22,7,0
591.55,16,7,0
681.03,18,15,0
394.24,17,2,0
318.67,15,6,0
505.02,18,3,0
875.13,0,6,1
851.28,20,13,0
44.43,17,0,0
182.32,17,6,0
237.51,9,0,0
250.14,19,19,0
571.66,9,14,1
416.85,1,4,1
50.2,21,3,0
374.24,5,1,0
524.23,2,9,0
102.57,14,15,0
833.63,5,11,0
52.91,20,17,0
924.92,10,6,0
100.01,0,5,0
843.73,22,9,0
902.75,12,4,0
979.59,6,19,0
802.22,16,3,0
779.7,12,9,0
642.84,0,10,0
779.22,18,1,0
135.42,9,9,0
536.53,16,9,0
514.71,21,5,0
857.71,14,2,0
463.34,16,0,1
385.7,6,0,0
639.92,5,9,0
267.2,9,1,0
140.63,20,19,1
478.4,12,4,0
417.47,8,13,1
233.34,18,13,0
368.14,20,9,0
367.03,21,17,0
328.17,7,2,0
380.08,17,4,0
686.06,14,5,0
297.58,10,2,0
948.91,9,5,1
916.43,2,6,0
481.43,6,15,0
329.03,13,6,0
535.9,21,17,0
848.71,20,15,0
652.93,4,18,1
804.59,16,2,0
533.19,2,19,0
633.28,16,12,0
288.87,8,19,0
735.16,10,7,0
203.2,17,19,0
695.1,10,11,0
860.86,19,1,1
132.97,12,8,1
614.77,23,2,1
96.0,15,18,0
725.99,7,6,0
85.41,18,4,1
936.0,9,11,0
138.27,12,8,0
958.92,3,1,0
801.08,2,16,0
594.09,13,16,0
782.84,4,14,1
795.32,23,12,0
946.08,20,8,0
254.13,16,10,0
590.49,17,10,0
95.95,14,3,0
616.55,1,1,0
172.12,9,5,0
565.39,11,9,0
572.86,21,3,0
466.52,5,2,1
523.11,11,17,0
764.16,8,7,0
799.45,3,11,0
492.66,2,10,0
599.99,8,14,0
931.3,1,14,0
120.61,1,5,0
117.99,8,16,0
88.62,4,7,0
658.21,13,16,0
419.19,0,8,0
774.55,7,2,0
671.56,10,15,0
334.3,23,0,0
898.47,15,15,0
762.77,21,0,0
271.26,8,4,1
364.83,10,12,0
315.13,10,18,0
158.45,21,8,1
148.64,23,2,0
936.19,23,4,0
438.47,18,17,1
383.94,12,14,0
729.96,12,2,0
553.44,23,7,0
936.2,6,5,0
780.52,8,3,0
479.89,21,16,1
376.98,9,12,1
986.64,5,3,0
718.04,13,13,0
951.24,7,8,0
119.36,21,1,1
850.68,21,8,0
637.44,7,3,1
122.8,12,4,0
588.67,23,17,0
686.41,17,14,0
13.29,5,2,0
454.86,14,17,0
825.57,14,11,0
296.06,15,17,1
459.09,0,14,0
442.87,7,6,0
302.63,20,10,0
918.52,5,10,0
781.51,7,14,1
111.48,7,4,0
997.04,4,6,0
879.32,3,4,0
284.62,8,5,1
837.06,20,3,0
107.31,0,0,1
999.11,6,18,0
666.02,1,1,0
650.47,13,17,1
91.35,6,0,0
897.14,19,15,1
29.97,14,6,0
241.59,18,10,0
143.88,15,5,0
776.99,10,9,0
199.01,20,9,1
910.73,11,10,1
656.61,22,7,0
37.13,23,10,0
6.42,14,16,0
52.61,16,8,0
606.32,6,7,0
801.68,19,2,0
239.31,16,7,0
849.56,21,2,0
58.17,6,3,0
801.16,18,19,0
927.87,11,1,1
772.34,4,9,0
698.42,4,16,0
838.14,13,19,0
41.11,7,2,0
202.58,2,3,1
125.8,10,7,0
505.03,15,11,0
745.44,7,19,1
630.38,22,4,1
851.28,18,3,0
156.06,12,5,0
734.89,22,17,0
193.85,10,0,0
271.49,3,7,0
710.19,0,2,0
980.22,22,3,1
611.93,23,18,0
55.45,17,0,0
616.69,2,6,0
43.31,7,18,0
884.26,0,12,0
709.87,1,1,1
173.95,5,9,1
92.63,13,19,0
184.35,1,8,0
980.05,23,10,0
459.1,10,10,0
784.3,6,13,1
636.77,12,3,0
572.84,18,16,0
145.99,7,19,0
946.08,1,2,0
302.04,1,16,0
578.44,20,16,0
700.08,2,14,0
649.58,15,7,0
940.65,9,9,0
149.29,18,16,0
508.84,1,3,0
404.63,21,16,1
474.69,16,18,0
120.1,10,13,0
134.96,4,6,0
278.8,23,11,0
305.4,7,1,0
428.48,11,18,0
611.38,9,6,1
634.99,5,1,0
412.4,9,15,0
409.37,3,13,0
218.41,0,12,0
588.72,6,1,0
317.72,2,15,0
37.02,9,12,0
418.98,20,15,0
474.66,3,16,1
226.37,0,4,0
572.89,2,4,1
566.21,12,18,0
702.3,6,10,0
648.3,11,8,0
652.78,0,5,0
316.9,7,12,0
787.64,9,15,0
549.6,10,0,0
431.99,13,11,1
626.39,18,19,0
361.3,11,5,0
513.23,20,5,0
